<beans xmlns="http://www.springframework.org/schema/beans"
	xmlns:xsi="http://www.w3.org/2001/XMLSchema-instance" xmlns:context="http://www.springframework.org/schema/context"
	xsi:schemaLocation="http://www.springframework.org/schema/beans
     http://www.springframework.org/schema/beans/spring-beans-3.0.xsd
     http://www.springframework.org/schema/context
     http://www.springframework.org/schema/context/spring-context-3.0.xsd">
     
    <bean id="daoImpl" class="com.cg.employee.dao.EmployeeDAOImpl" >
    	<property name="empList">
    		<map>
    			<entry key="12345" value-ref="employee1"/>
    			<entry key="12346" value-ref="employee2"/>
    		</map>
    	</property>
    </bean>
    <bean id="serviceImpl" class="com.cg.employee.service.EmployeeServiceImpl">
    	<property name="employeeDAO" ref="daoImpl"></property>
    </bean>
     <bean id="employee1" class="com.cg.employee.beans.Employee" >
     	<property name="employeeId" value="12345"/>
     	<property name="employeeName" value="Harriet"/>
     	<property name="salary" value="40000.0"/>
     	<property name="age" value="30"/>
     </bean>	
     
     <bean id="employee2" class="com.cg.employee.beans.Employee" >
     	<property name="employeeId" value="12346"/>
     	<property name="employeeName" value="Harsh"/>
     	<property name="salary" value="50000.0"/>
     	<property name="age" value="30"/>
     </bean>	
</beans>